feature,area,priority,source,status,current_impl,next_action
Home shell,Home,must,B/B,"partial","MainActivity + screen_home.xml","reconcile recovered Home state and layout structure"
Home Zen/Pearls/recent updates,Home,must,B,"partial","static/partial cards","map verified ViewModel states"
QBank landing,QBank,must,B,"partial","showQBank","reconcile ViewModel + layout"
QBank introduction,QBank,must,B,"partial","QBankIntroductionModel","reconcile states"
QBank lesson list,QBank,must,B,"partial","showLessons","source-map lesson state"
QBank player,QBank,must,B,"partial","showPlayer","timer/bookmark/answer/navigation parity"
QBank score,QBank,must,B,"partial","showScore","reconcile score states"
QBank tracker,QBank,should,B,"partial","showQBankTracker","reconcile tracker"
Edition 8 QBank content,QBank,must,C,"intentionally removed","not bundled by explicit project instruction","do not re-add content; verify UI empty-state behavior only"
Tests landing,Tests,must,B,"partial","showTests","tabs/year/GT nudge parity"
Test introduction,Tests,must,B,"partial","showTestIntro","reconcile states"
Test play,Tests,must,B,"partial","showTestPlay","answer/timer/navigation parity"
Test score,Tests,must,B,"partial","showTestScore","score state parity"
Test review,Tests,must,B,"partial","showTestReview","review behavior parity"
Test analytics,Tests,should,B,"partial","showTestAnalytics","reconcile analytics"
GT analytics,Tests,should,B,"missing","none","implement dedicated source-backed renderer"
Video landing,Videos,should,B,"unresolved","showVideos","source-backed renderer only"
Video lesson list,Videos,should,B,"missing","none","implement source-backed renderer"
Video notes,Videos,could,B,"missing","none","implement if flow required"
Downloaded videos,Videos,could,B,"missing","none","implement only where local contract exists"
Revision videos,Videos,could,B,"missing","none","implement only where local contract exists"
Sample videos,Videos,could,B,"missing","none","implement only where local contract exists"
Custom module creation,Custom,must,B,"partial","showCustom","expand from creation/mode/subject/topic/tag/add-on VMs"
Custom module introduction,Custom,should,B,"missing","route only","implement source-backed renderer"
Custom module join by code,Custom,should,B,"missing","route only","implement source-backed renderer"
Custom module score,Custom,should,B,"missing","route only","implement source-backed renderer"
Profile edit,Account,could,B,"missing","route only","implement source-backed renderer"
Search,Utility,should,B,"partial","showSearch","close source-backed behavior gaps"
Bookmarks,Utility,should,B,"partial","showBookmarks","close source-backed behavior gaps"
Pearls,Utility,could,B,"unresolved","showPearls","do not fabricate missing payload"
Schema,Utility,could,B,"missing","route exists","reconcile schema source"
PYQ,Utility,should,B/C,"missing","none","reconcile source/content mapping before build"
